S.no,Name,Email,Mobile,Gender,Country,,
1,Muzammil,Muzammil@gmail.com,5056469838,Male,AD,,
2,Sudarsan,Sudarsan@gmail.com,5056469839,Male,AE,,
3,Samantha,Samantha@gmail.com,5056469840,Female,AF,,
4,Trisha,Trisha@gmail.com,5056469841,Female,IN,,
5,Arun,Arun@gmail.com,5056469842,Male,AI,,Country(input)
6,Pandi,Pandi@gmail.com,5056469843,Male,AL,,India = IN
7,Bala,Bala@gmail.com,5056469844,Male,AM,,
8,Karthi,Karthi@gmail.com,5056469845,Male,AO,,
9,Arthi,Arthi@gmail.com,5056469846,Female,AQ,,
10,Jones,Jones@gmail.com,5056469847,Male,AR,,
11,Kivell,Kivell@gmail.com,5056469848,Female,AS,,
12,Jardine,Jardine@gmail.com,5056469849,Male,AT,,
13,Gill,Gill@gmail.com,5056469850,Male,AU,,
14,Sorvino,Sorvino@gmail.com,5056469851,Female,AW,,
15,Jones,Jones@gmail.com,5056469852,Other,AZ,,
16,Andrews,Andrews@gmail.com,5056469853,Male,BA,,
17,Jardine,Jardine@gmail.com,5056469854,Female,BB,,
18,Thompson,Thompson@gmail.com,5056469855,Other,BD,,
19,Jones,Jones@gmail.com,5056469856,Male,BE,,
20,Morgan,Morgan@gmail.com,5056469857,Female,BF,,
21,Howard,Howard@gmail.com,5056469858,Other,BG,,
22,Parent,Parent@gmail.com,5056469859,Male,BH,,
23,Jones,Jones@gmail.com,5056469860,Female,BI,,
24,Smith,Smith@gmail.com,5056469861,Other,BJ,,
25,Jones,Jones@gmail.com,5056469862,Male,BL,,
26,Morgan,Morgan@gmail.com,5056469863,Male,BN,,
27,Jones,Jones@gmail.com,5056469864,Male,BO,,
28,Parent,Parent@gmail.com,5056469865,Male,BR,,
29,Kivell,Kivell@gmail.com,5056469866,Male,BS,,
30,Smith,Smith@gmail.com,5056469867,Male,BT,,
31,Parent,Parent@gmail.com,5056469868,Female,BV,,
32,Gill,Gill@gmail.com,5056469869,Female,BW,,
33,Smith,Smith@gmail.com,5056469870,Female,BY,,
34,Jones,Jones@gmail.com,5056469871,Female,BZ,,
35,Sorvino,Sorvino@gmail.com,5056469872,Other,CA,,
36,Jardine,Jardine@gmail.com,5056469873,Other,CC,,
37,Andrews,Andrews@gmail.com,5056469874,Male,CD,,
38,Howard,Howard@gmail.com,5056469875,Female,CF,,
39,Gill,Gill@gmail.com,5056469876,Male,CG,,
40,Gill,Gill@gmail.com,5056469877,Female,CH,,
41,Kivell,Kivell@gmail.com,5056469878,Male,CI,,
42,Jones,Jones@gmail.com,5056469879,Other,CK,,
43,Morgan,Morgan@gmail.com,5056469880,Other,CL,,
44,Kivell,Kivell@gmail.com,5056469881,Male,CM,,
45,Sorvino,Sorvino@gmail.com,5056469882,Male,CN,,
46,Gill,Gill@gmail.com,5056469883,Male,CO,,
47,Sorvino,Sorvino@gmail.com,5056469884,Other,CR,,
48,Thompson,Thompson@gmail.com,5056469885,Male,CU,,
49,Andrews,Andrews@gmail.com,5056469886,Female,CV,,
50,Jardine,Jardine@gmail.com,5056469887,Male,CB,,
51,Jardine,Jardine@gmail.com,5056469888,Female,CX,,
52,Andrews,Andrews@gmail.com,5056469889,Male,CY,,
53,Donald,Donald@gmail.com,5056469890,Other,CZ,,
54,Douglas,Douglas@gmail.com,5056469891,Other,DE,,
55,Jennifer,Jennifer@gmail.com,5056469892,Male,DJ,,
56,Michael,Michael@gmail.com,5056469893,Male,DK,,
57,Pat,Pat@gmail.com,5056469894,Male,DM,,
58,Susan,Susan@gmail.com,5056469895,Other,DO,,
59,Hermann,Hermann@gmail.com,5056469896,Male,DZ,,
60,Shelley,Shelley@gmail.com,5056469897,Female,EC,,
61,William,William@gmail.com,5056469898,Male,EE,,
62,Steven,Steven@gmail.com,5056469899,Female,EG,,
63,Neena,Neena@gmail.com,5056469900,Male,EH,,
64,Lex,Lex@gmail.com,5056469901,Other,ER,,
65,Alexander,Alexander@gmail.com,5056469902,Other,ES,,
66,Bruce,Bruce@gmail.com,5056469903,Male,ET,,
67,David,David@gmail.com,5056469904,Male,FI,,
68,Valli,Valli@gmail.com,5056469905,Male,FJ,,
69,Diana,Diana@gmail.com,5056469906,Other,FK,,
70,Nancy,Nancy@gmail.com,5056469907,Male,FM,,
71,Daniel,Daniel@gmail.com,5056469908,Female,FO,,
72,John,John@gmail.com,5056469909,Male,FR,,
73,Ismael,Ismael@gmail.com,5056469910,Female,GA,,
74,Jose Manuel,Jose Manuel@gmail.com,5056469911,Male,GB,,
75,Luis,Luis@gmail.com,5056469912,Other,CX,,
76,Den,Den@gmail.com,5056469913,Other,CY,,
77,Alexander,Alexander@gmail.com,5056469914,Male,CZ,,
78,Shelli,Shelli@gmail.com,5056469915,Male,DE,,
79,Sigal,Sigal@gmail.com,5056469916,Male,DJ,,
80,Guy,Guy@gmail.com,5056469917,Other,DK,,
81,Karen,Karen@gmail.com,5056469918,Male,DM,,
82,Matthew,Matthew@gmail.com,5056469919,Female,DO,,
83,Adam,Adam@gmail.com,5056469920,Male,DZ,,
84,Payam,Payam@gmail.com,5056469921,Female,EC,,
85,Shanta,Shanta@gmail.com,5056469922,Male,EE,,
86,Kevin,Kevin@gmail.com,5056469923,Other,EG,,
87,Julia,Julia@gmail.com,5056469924,Other,EH,,
88,Irene,Irene@gmail.com,5056469925,Male,ER,,
89,James,James@gmail.com,5056469926,Male,ES,,
90,Steven,Steven@gmail.com,5056469927,Male,ET,,
91,Laura,Laura@gmail.com,5056469928,Other,FI,,
92,Mozhe,Mozhe@gmail.com,5056469929,Male,FJ,,
93,James,James@gmail.com,5056469930,Female,FK,,
94,TJ,TJ@gmail.com,5056469931,Male,FM,,
95,Jason,Jason@gmail.com,5056469932,Female,FO,,
96,Michael,Michael@gmail.com,5056469933,Male,FR,,
97,Ki,Ki@gmail.com,5056469934,Other,GA,,
98,Hazel,Hazel@gmail.com,5056469935,Other,GB,,
99,Renske,Renske@gmail.com,5056469936,Male,CX,,
100,Stephen,Stephen@gmail.com,5056469937,Male,CY,,
101,John,John@gmail.com,5056469938,Male,CZ,,
102,Joshua,Joshua@gmail.com,5056469939,Other,DE,,
103,Koss,Koss@gmail.com,5056469940,Male,DJ,,
104,Green,Green@gmail.com,5056469941,Female,DK,,
105,Cruick,Cruick@gmail.com,5056469942,Male,DM,,
106,Madisyn,Madisyn@gmail.com,5056469943,Female,DO,,
107,Rosanna,Rosanna@gmail.com,5056469944,Male,DZ,,
108,Kaelyn,Kaelyn@gmail.com,5056469945,Other,EC,,
109,Stephany,Stephany@gmail.com,5056469946,Other,EE,,
110,Rock,Rock@gmail.com,5056469947,Male,EG,,
